train_loss,epoch,step
0.2818028926849365,3,49
0.15899822115898132,6,99
0.09459830075502396,9,149
0.06098037213087082,12,199
